{"$schema":"http://schema.management.azure.com/schemas/2015-01-01/deploymentTemplate.json#","contentVersion":"1.0.0.0","parameters":{"workspaceName":{"type":"string","metadata":"Workspace name","defaultValue":"mdb-synapse"}},"variables":{"workspaceId":"[concat('Microsoft.Synapse/workspaces/', parameters('workspaceName'))]"},"resources":[{"name":"[concat(parameters('workspaceName'), '/MongoDB Spark Streaming')]","type":"Microsoft.Synapse/workspaces/pipelines","apiVersion":"2019-06-01-preview","properties":{"activities":[{"name":"MongoDB Spark Streaming","type":"SynapseNotebook","dependsOn":[],"policy":{"timeout":"0.12:00:00","retry":0,"retryIntervalInSeconds":30,"secureOutput":false,"secureInput":false},"userProperties":[],"typeProperties":{"notebook":{"referenceName":"MongoDB Spark Streaming","type":"NotebookReference"},"parameters":{"connectionString":{"value":"","type":"string"},"database":{"value":"","type":"string"},"collection":{"value":"","type":"string"},"tableName":{"value":"","type":"string"}},"snapshot":true,"conf":{}}}],"policy":{"elapsedTimeMetric":{},"cancelAfter":{}},"annotations":[]},"dependsOn":["[concat(variables('workspaceId'), '/notebooks/MongoDB Spark Streaming')]"]},{"name":"[concat(parameters('workspaceName'), '/MongoDB Spark Streaming')]","type":"Microsoft.Synapse/workspaces/notebooks","apiVersion":"2019-06-01-preview","properties":{"nbformat":4,"nbformat_minor":2,"sessionProperties":{"driverMemory":"28g","driverCores":4,"executorMemory":"28g","executorCores":4,"numExecutors":2,"runAsWorkspaceSystemIdentity":false,"conf":{"spark.dynamicAllocation.enabled":"false","spark.dynamicAllocation.minExecutors":"2","spark.dynamicAllocation.maxExecutors":"2","spark.autotune.trackingId":"b990962f-3153-43f2-b403-a8a93b9a3eea"}},"metadata":{"saveOutput":true,"synapse_widget":{"version":"0.1","state":{}},"enableDebugMode":false,"kernelspec":{"name":"synapse_pyspark","display_name":"python"},"language_info":{"name":"python"},"sessionKeepAliveTimeout":30},"cells":[{"cell_type":"markdown","metadata":{"nteract":{"transient":{"deleting":false}}},"source":["## Notebook for streaming data from MongoDB Atlas to ADLS Gen2 using Spark streaming"]},{"cell_type":"code","metadata":{"tags":["parameters"]},"source":["# Below are the variables to be updated before running the notebook: \n","\n","connectionString=\"\"  # MongoDB Connection String\n","database=\"\"  # MongoDB Database to pull data from \n","collection=\"\"  # MongoDB Collection \n","tableName=\"\"  # Table name to be created in Synapse"],"outputs":[],"execution_count":null},{"cell_type":"markdown","metadata":{"nteract":{"transient":{"deleting":false}}},"source":["##### Read Stream: Pulling from MongoDB"]},{"cell_type":"code","metadata":{"jupyter":{"source_hidden":false,"outputs_hidden":false},"nteract":{"transient":{"deleting":false}}},"source":["# Creates readStream for MongoDB using the connection string and query for just the document itself and not include the change stream event. \n","query=(spark.readStream.format(\"mongodb\").\\\n","    option('spark.mongodb.connection.uri', connectionString).\\\n","\toption('spark.mongodb.database', database).\\\n","\toption('spark.mongodb.collection', collection).\\\n","\toption('spark.mongodb.change.stream.publish.full.document.only','true').\\\n","\toption(\"forceDeleteTempCheckpointLocation\", \"true\").\\\n","\tload())\n","\n","# Prints the fields being pulled from MongoDB.\n","query.printSchema()"],"outputs":[],"execution_count":null},{"cell_type":"markdown","metadata":{"nteract":{"transient":{"deleting":false}}},"source":["##### Write Stream: Pushing to ADLS Gen2"]},{"cell_type":"code","metadata":{"jupyter":{"source_hidden":false,"outputs_hidden":false},"nteract":{"transient":{"deleting":false}}},"source":["# Create the writeStream with the checkpoint options, and path to store parquet file. \n","query.writeStream.format(\"delta\").\\\n","    outputMode(\"append\").\\\n","    option(\"checkpointLocation\", \"/tmp/delta/_checkpoints/\").\\\n","    option(\"path\", \"/delta/\"+tableName).\\\n","    toTable(tableName).awaitTermination()"],"outputs":[],"execution_count":null}]},"dependsOn":[]}]}